foundation-layer1-a-i,1
foundation-layer1-a-ii,1
foundation-layer1-a-iii,1
foundation-layer1-a-end
foundation-layer1-b-i,1
foundation-layer1-b-ii,1
foundation-layer1-b-end
foundation-layer2-a,3
foundation-layer2-b,3
foundation-layer2-c,3
foundation-layer2-end
foundation-layer3-a,5
foundation-layer3-b,5
foundation-layer3-c,5
foundation-layer3-end
foundation-layer4-a,4
foundation-layer4-b,4
foundation-layer4-c,4
foundation-layer4-d,4
foundation-layer4-e,4
foundation-layer4-end
foundation-layer5-a,6
foundation-layer5-b,6
foundation-layer5-c,6
foundation-layer5-end
foundation-layer6-a,2
foundation-layer6-b,2
foundation-layer6-end
